<?xml version="1.0" encoding="UTF-8" standalone="yes"?>
<root>
  <storage>
    <shelf/>
    <shelf>
      <id>Tabelle_2</id>
      <capacity>600</capacity>
      <products>
        <product/>
      </products>
    </shelf>
    <shelf>
      <id>Tabelle_3</id>
      <capacity>119</capacity>
      <products>
        <product/>
        <product>
          <id>Produkt_2</id>
          <count>123</count>
        </product>
        <product>
          <id>Produkt_2</id>
          <count>123</count>
        </product>
      </products>
    </shelf>
  </storage>
</root>